artificial,chatbots,computer,deep,enables,improves,industry,intelligence,language,learning,machine,model,natural,powerful,processing,system,tool,transforming,vision,encoded_label
0.5,0.0,0.0,0.0,0.0,0.0,0.5,0.5,0.0,0.0,0.0,0.0,0.0,0.0,0.0,0.0,0.0,0.5,0.0,1
0.0,0.0,0.0,0.0,0.0,0.0,0.0,0.0,0.0,0.3667390112974172,0.4651619335222394,0.4651619335222394,0.0,0.4651619335222394,0.0,0.0,0.4651619335222394,0.0,0.0,1
0.0,0.0,0.4217647821447532,0.4217647821447532,0.0,0.4217647821447532,0.0,0.0,0.0,0.3325241986862672,0.0,0.0,0.0,0.0,0.0,0.4217647821447532,0.0,0.0,0.4217647821447532,1
0.0,0.4472135954999579,0.0,0.0,0.4472135954999579,0.0,0.0,0.0,0.4472135954999579,0.0,0.0,0.0,0.4472135954999579,0.0,0.4472135954999579,0.0,0.0,0.0,0.0,0
